Target_ID	AT005_conc_final_abundance_counts	AT005_visit1_final_abundance_counts	B018_conc_final_abundance_counts	mid_B010_final_merged_abundance_counts	mid_B011_final_abundance_counts	off_AT041_final_abundance_counts	post_B011_final_merged_abundance_counts	post_B018_final_abundance_counts	post_B023_final_abundance_counts
562	26.0	0.0	5.0	0.0	0.0	4.0	0.0	0.0	0.0
817	9.0	10.0	0.0	0.0	0.0	5.0	0.0	0.0	0.0
818	11.0	75.0	32.0	4.0	0.0	21.0	0.0	24.0	0.0
820	21.0	57.0	5.0	33.0	2.0	29.0	0.0	15.0	0.0
821	124.0	188.0	49.0	114.0	46.0	184.0	9.0	57.0	0.0
823	11.0	8.0	0.0	5.0	4.0	2.0	0.0	0.0	0.0
853	233.0	263.0	104.0	269.0	263.0	328.0	15.0	162.0	0.0
901	5.0	6.0	0.0	0.0	0.0	0.0	0.0	0.0	0.0
1318	5.0	0.0	6.0	2.0	10.0	5.0	0.0	8.0	0.0
1512	4.0	0.0	2.0	0.0	0.0	2.0	0.0	0.0	0.0
1522	19.0	0.0	4.0	0.0	4.0	2.0	0.0	2.0	0.0
1547	10.0	0.0	0.0	0.0	0.0	0.0	0.0	0.0	0.0
28116	4.0	4.0	36.0	1.0	6.0	51.0	0.0	42.0	0.0
28117	48.0	30.0	9.0	12.0	9.0	47.0	4.0	14.0	0.0
28118	14.0	17.0	3.0	11.0	2.0	14.0	2.0	8.0	0.0
29347	8.0	0.0	0.0	0.0	0.0	0.0	0.0	22.0	0.0
29348	5.0	0.0	10.0	7.0	1.0	5.0	0.0	5.0	0.0
29523	144.0	261.0	100.0	133.0	35.0	160.0	5.0	205.0	0.0
33025	31.0	41.0	21.0	30.0	0.0	36.0	5.0	44.0	0.0
33038	74.0	0.0	0.0	0.0	0.0	3.0	0.0	9.0	0.0
33039	157.0	51.0	0.0	57.0	57.0	98.0	0.0	0.0	0.0
35833	9.0	5.0	0.0	5.0	7.0	11.0	0.0	8.0	0.0
39485	7.0	0.0	0.0	85.0	39.0	217.0	0.0	0.0	0.0
39490	82.0	10.0	0.0	27.0	22.0	0.0	0.0	0.0	0.0
40518	44.0	27.0	4.0	44.0	881.0	7.0	27.0	5.0	0.0
40520	144.0	71.0	0.0	44.0	69.0	37.0	6.0	0.0	0.0
41200	4.0	2.0	0.0	21.0	87.0	21.0	2.0	2.0	0.0
46503	7.0	32.0	0.0	22.0	5.0	9.0	0.0	0.0	0.0
46506	353.0	569.0	58.0	0.0	12.0	169.0	0.0	68.0	1.0
47678	13.0	18.0	0.0	6.0	6.0	0.0	0.0	0.0	0.0
53443	8.0	0.0	0.0	0.0	0.0	7.0	0.0	3.0	0.0
59620	10.0	11.0	0.0	14.0	17.0	0.0	0.0	0.0	0.0
84112	6.0	2.0	0.0	0.0	0.0	0.0	0.0	7.0	0.0
85831	1.0	0.0	1.0	0.0	0.0	0.0	0.0	1.0	0.0
88431	51.0	0.0	0.0	86.0	54.0	75.0	3.0	0.0	0.0
100884	8.0	0.0	0.0	0.0	0.0	1.0	0.0	0.0	0.0
105841	13.0	0.0	0.0	0.0	0.0	0.0	0.0	0.0	0.0
162156	59.0	120.0	109.0	33.0	13.0	469.0	0.0	137.0	0.0
165185	1.0	8.0	0.0	0.0	25.0	0.0	0.0	0.0	0.0
165187	2.0	0.0	0.0	3.0	15.0	12.0	0.0	0.0	0.0
169435	2.0	0.0	0.0	0.0	0.0	0.0	0.0	0.0	0.0
208479	6.0	0.0	14.0	0.0	0.0	2.0	0.0	11.0	0.0
214856	4.0	36.0	0.0	0.0	0.0	0.0	0.0	0.0	0.0
216816	51.0	37.0	0.0	10.0	113.0	114.0	12.0	47.0	0.0
259315	13.0	15.0	0.0	54.0	40.0	13.0	2.0	0.0	0.0
292800	4.0	4.0	3.0	0.0	2.0	23.0	0.0	7.0	0.0
301301	8.0	2.0	0.0	17.0	2.0	2.0	0.0	0.0	0.0
342942	3.0	6.0	0.0	0.0	2.0	5.0	0.0	0.0	0.0
371601	32.0	16.0	5.0	0.0	6.0	2.0	0.0	6.0	0.0
411486	5.0	2.0	0.0	0.0	0.0	5.0	0.0	0.0	0.0
418240	38.0	83.0	0.0	17.0	41.0	217.0	3.0	183.0	0.0
446660	8.0	5.0	0.0	6.0	6.0	5.0	0.0	0.0	0.0
454154	10.0	34.0	0.0	0.0	0.0	0.0	0.0	0.0	0.0
457389	2.0	0.0	0.0	0.0	0.0	0.0	0.0	0.0	0.0
469588	1.0	0.0	0.0	0.0	0.0	0.0	0.0	0.0	0.0
487175	6.0	6.0	6.0	18.0	0.0	2.0	0.0	15.0	0.0
512296	4.0	10.0	0.0	4.0	0.0	0.0	0.0	0.0	0.0
536633	2.0	3.0	0.0	2.0	6.0	7.0	0.0	0.0	0.0
538949	26.0	79.0	0.0	11.0	27.0	18.0	3.0	0.0	0.0
745368	71.0	20.0	4.0	24.0	20.0	27.0	2.0	20.0	0.0
765821	40.0	48.0	0.0	65.0	88.0	35.0	0.0	34.0	0.0
871665	52.0	12.0	0.0	0.0	38.0	18.0	0.0	0.0	0.0
875803	18.0	5.0	0.0	0.0	7.0	6.0	0.0	0.0	0.0
876091	5.0	8.0	0.0	1.0	0.0	8.0	0.0	0.0	0.0
1150298	288.0	129.0	0.0	203.0	134.0	86.0	5.0	0.0	0.0
1226322	3.0	0.0	0.0	0.0	0.0	0.0	0.0	0.0	0.0
1335613	6.0	4.0	0.0	2.0	0.0	0.0	0.0	0.0	0.0
1501391	2.0	6.0	0.0	0.0	0.0	0.0	0.0	0.0	0.0
1505656	3.0	0.0	0.0	6.0	28.0	0.0	0.0	0.0	0.0
1550024	15.0	2.0	0.0	0.0	2.0	8.0	0.0	0.0	0.0
1623490	5.0	14.0	4.0	24.0	78.0	9.0	7.0	4.0	0.0
1650661	3.0	8.0	0.0	3.0	1.0	2.0	0.0	0.0	0.0
1653434	15.0	10.0	0.0	0.0	2.0	0.0	0.0	0.0	0.0
1720294	6.0	11.0	0.0	0.0	0.0	2.0	0.0	0.0	0.0
1720313	4.0	0.0	0.0	0.0	0.0	1.0	0.0	0.0	0.0
1796628	26.0	0.0	0.0	0.0	0.0	9.0	0.0	0.0	0.0
1869337	28.0	50.0	0.0	9.0	0.0	7.0	0.0	0.0	0.0
1870988	3.0	2.0	0.0	0.0	0.0	2.0	0.0	1.0	0.0
1871003	2.0	6.0	0.0	0.0	0.0	0.0	0.0	0.0	0.0
1872444	40.0	61.0	16.0	46.0	56.0	132.0	3.0	28.0	0.0
1905345	3.0	0.0	0.0	0.0	0.0	0.0	0.0	0.0	0.0
1912855	5.0	0.0	0.0	0.0	0.0	0.0	0.0	0.0	0.0
1929886	5.0	2.0	0.0	0.0	0.0	0.0	0.0	0.0	0.0
1955243	20.0	2.0	0.0	23.0	10.0	12.0	1.0	5.0	0.0
1965576	5.0	2.0	0.0	0.0	0.0	0.0	0.0	2.0	0.0
1965588	2.0	0.0	0.0	0.0	2.0	0.0	0.0	0.0	0.0
1971605	2.0	1.0	2.0	2.0	4.0	0.0	0.0	0.0	0.0
2041842	2.0	0.0	0.0	0.0	0.0	1.0	0.0	0.0	0.0
2044459	1.0	0.0	0.0	0.0	0.0	0.0	0.0	0.0	0.0
2049027	53.0	67.0	26.0	69.0	44.0	25.0	4.0	31.0	0.0
2049037	10.0	21.0	0.0	0.0	0.0	0.0	0.0	0.0	0.0
2049039	6.0	0.0	0.0	5.0	0.0	0.0	0.0	0.0	0.0
2082625	1.0	0.0	0.0	0.0	0.0	0.0	0.0	0.0	0.0
2211183	4.0	15.0	2.0	9.0	11.0	19.0	0.0	2.0	0.0
2292200	1.0	0.0	0.0	0.0	0.0	3.0	0.0	1.0	0.0
2292201	5.0	0.0	0.0	0.0	0.0	3.0	0.0	1.0	0.0
2292308	2.0	0.0	0.0	0.0	0.0	0.0	0.0	0.0	0.0
2292350	3.0	0.0	0.0	2.0	16.0	0.0	4.0	0.0	0.0
2292357	1.0	1.0	0.0	0.0	1.0	0.0	0.0	0.0	0.0
2292920	2.0	6.0	1.0	0.0	0.0	1.0	0.0	2.0	0.0
2292937	1.0	0.0	0.0	0.0	0.0	0.0	0.0	2.0	0.0
2292951	3.0	0.0	0.0	1.0	0.0	0.0	0.0	0.0	0.0
2292952	2.0	3.0	0.0	0.0	0.0	0.0	0.0	0.0	0.0
2292958	1.0	1.0	0.0	0.0	0.0	0.0	0.0	0.0	0.0
2292959	2.0	0.0	0.0	0.0	0.0	2.0	0.0	0.0	0.0
2292960	22.0	5.0	0.0	0.0	0.0	0.0	0.0	0.0	0.0
2292962	1.0	0.0	0.0	0.0	0.0	0.0	0.0	0.0	0.0
2292968	1.0	0.0	0.0	0.0	0.0	0.0	0.0	0.0	0.0
2292972	2.0	0.0	0.0	2.0	0.0	0.0	0.0	0.0	0.0
2292979	1.0	0.0	0.0	0.0	3.0	0.0	0.0	0.0	0.0
2292981	3.0	0.0	0.0	0.0	0.0	0.0	0.0	0.0	0.0
2292982	15.0	15.0	0.0	20.0	11.0	2.0	6.0	0.0	0.0
2292983	1.0	3.0	0.0	0.0	0.0	0.0	0.0	0.0	0.0
2292990	1.0	1.0	0.0	0.0	0.0	0.0	0.0	0.0	0.0
2293011	6.0	1.0	0.0	9.0	0.0	12.0	0.0	0.0	0.0
2293024	6.0	0.0	0.0	0.0	0.0	8.0	0.0	0.0	0.0
2293028	4.0	2.0	0.0	0.0	0.0	9.0	0.0	0.0	0.0
2302957	1.0	0.0	0.0	0.0	1.0	0.0	0.0	0.0	0.0
2305241	2.0	2.0	1.0	0.0	0.0	3.0	0.0	0.0	0.0
2305242	3.0	0.0	0.0	0.0	0.0	5.0	0.0	0.0	0.0
2315463	2.0	1.0	0.0	0.0	0.0	0.0	0.0	0.0	0.0
2316022	1.0	2.0	0.0	4.0	2.0	0.0	0.0	0.0	0.0
2364792	4.0	0.0	0.0	0.0	0.0	0.0	0.0	0.0	0.0
2509664	2.0	0.0	0.0	0.0	0.0	0.0	0.0	0.0	0.0
2580425	1.0	3.0	0.0	1.0	0.0	4.0	0.0	0.0	0.0
2592642	6.0	2.0	3.0	2.0	0.0	2.0	0.0	5.0	0.0
2652274	3.0	0.0	0.0	0.0	0.0	0.0	0.0	0.0	0.0
2714358	4.0	0.0	0.0	0.0	1.0	1.0	0.0	2.0	0.0
2717812	2.0	0.0	0.0	0.0	0.0	0.0	0.0	0.0	0.0
2719315	1.0	0.0	0.0	0.0	0.0	0.0	0.0	0.0	0.0
2763047	1.0	0.0	0.0	2.0	0.0	9.0	0.0	0.0	0.0
2763054	2.0	0.0	0.0	0.0	0.0	2.0	0.0	0.0	0.0
2763645	4.0	0.0	0.0	0.0	1.0	1.0	0.0	0.0	0.0
2763663	1.0	1.0	0.0	0.0	0.0	0.0	0.0	0.0	0.0
2763667	5.0	0.0	0.0	0.0	3.0	0.0	0.0	0.0	0.0
2773926	13.0	20.0	56.0	19.0	26.0	98.0	0.0	59.0	0.0
2787130	1.0	0.0	0.0	0.0	0.0	1.0	0.0	0.0	0.0
2787131	5.0	0.0	0.0	1.0	0.0	0.0	0.0	0.0	0.0
2817018	1.0	0.0	0.0	0.0	0.0	0.0	0.0	0.0	0.0
2849168	1.0	0.0	0.0	0.0	0.0	0.0	0.0	0.0	0.0
2870771	1.0	0.0	0.0	0.0	0.0	0.0	0.0	0.0	0.0
2870774	3.0	0.0	0.0	0.0	0.0	0.0	0.0	0.0	0.0
2881265	3.0	0.0	0.0	3.0	0.0	2.0	0.0	0.0	0.0
2883262	2.0	0.0	0.0	0.0	1.0	0.0	0.0	0.0	0.0
2885261	1.0	0.0	0.0	0.0	1.0	0.0	0.0	0.0	0.0
2885262	1.0	1.0	0.0	0.0	0.0	1.0	0.0	0.0	0.0
2885357	66.0	62.0	38.0	21.0	36.0	13.0	1.0	67.0	0.0
2929489	1.0	0.0	4.0	0.0	0.0	18.0	0.0	4.0	0.0
2929493	2.0	0.0	0.0	1.0	0.0	0.0	0.0	0.0	0.0
2931401	3.0	0.0	0.0	0.0	0.0	0.0	0.0	0.0	0.0
2935450	1.0	0.0	0.0	0.0	0.0	0.0	0.0	0.0	0.0
2963705	2.0	0.0	0.0	0.0	0.0	0.0	0.0	0.0	0.0
2965272	4.0	0.0	0.0	0.0	0.0	0.0	0.0	1.0	0.0
2981724	6.0	5.0	0.0	2.0	0.0	0.0	0.0	0.0	0.0
2981769	10.0	11.0	0.0	51.0	0.0	14.0	0.0	0.0	0.0
2981771	5.0	17.0	0.0	0.0	1.0	2.0	0.0	0.0	0.0
2981789	80.0	12.0	0.0	0.0	24.0	0.0	3.0	0.0	0.0
3032125	6.0	2.0	0.0	0.0	0.0	0.0	0.0	0.0	0.0
3044208	2.0	0.0	0.0	0.0	0.0	0.0	0.0	0.0	0.0
3078043	55.0	36.0	5.0	36.0	27.0	3.0	3.0	18.0	0.0
1506	0.0	4.0	2.0	2.0	1.0	0.0	0.0	0.0	0.0
74426	0.0	69.0	52.0	19.0	1.0	91.0	0.0	60.0	0.0
239935	0.0	47.0	193.0	0.0	24.0	36.0	3.0	156.0	0.0
990718	0.0	3.0	27.0	5.0	0.0	50.0	2.0	26.0	0.0
1638783	0.0	6.0	1.0	0.0	0.0	0.0	0.0	0.0	0.0
2949660	0.0	1.0	2.0	0.0	0.0	0.0	0.0	1.0	0.0
3064195	0.0	9.0	7.0	6.0	53.0	58.0	9.0	11.0	0.0
1304	0.0	0.0	12.0	16.0	47.0	54.0	2.0	30.0	0.0
1532	0.0	0.0	18.0	0.0	0.0	0.0	0.0	0.0	0.0
1735	0.0	0.0	116.0	0.0	0.0	119.0	0.0	176.0	0.0
2173	0.0	0.0	3.0	0.0	206.0	2.0	7.0	2.0	0.0
28111	0.0	0.0	4.0	0.0	0.0	63.0	0.0	10.0	0.0
29363	0.0	0.0	2.0	0.0	0.0	0.0	0.0	0.0	0.0
33945	0.0	0.0	2.0	0.0	0.0	0.0	0.0	0.0	0.0
89153	0.0	0.0	9.0	0.0	0.0	0.0	0.0	0.0	0.0
159268	0.0	0.0	1.0	0.0	0.0	0.0	0.0	2.0	0.0
167972	0.0	0.0	2.0	0.0	0.0	0.0	0.0	0.0	0.0
204516	0.0	0.0	73.0	0.0	0.0	252.0	0.0	161.0	0.0
328812	0.0	0.0	11.0	0.0	0.0	1.0	0.0	17.0	0.0
338188	0.0	0.0	22.0	0.0	0.0	24.0	0.0	5.0	0.0
457390	0.0	0.0	1.0	0.0	0.0	1.0	0.0	0.0	0.0
512294	0.0	0.0	24.0	0.0	0.0	2.0	0.0	9.0	0.0
556259	0.0	0.0	1.0	0.0	0.0	0.0	0.0	0.0	0.0
693988	0.0	0.0	2.0	0.0	0.0	0.0	0.0	0.0	0.0
1034346	0.0	0.0	2.0	0.0	0.0	1.0	0.0	4.0	0.0
1872421	0.0	0.0	2.0	0.0	0.0	0.0	0.0	2.0	0.0
1917868	0.0	0.0	16.0	0.0	0.0	0.0	0.0	2.0	0.0
1926307	0.0	0.0	6.0	0.0	0.0	0.0	0.0	0.0	0.0
1982626	0.0	0.0	49.0	40.0	0.0	0.0	0.0	36.0	0.0
2025659	0.0	0.0	1.0	1.0	0.0	0.0	0.0	1.0	0.0
2109686	0.0	0.0	3.0	8.0	0.0	0.0	0.0	0.0	0.0
2292227	0.0	0.0	1.0	0.0	0.0	0.0	0.0	0.0	0.0
2292322	0.0	0.0	1.0	0.0	0.0	0.0	0.0	0.0	0.0
2292924	0.0	0.0	2.0	2.0	0.0	2.0	0.0	1.0	0.0
2292927	0.0	0.0	1.0	0.0	0.0	0.0	0.0	0.0	0.0
2292957	0.0	0.0	1.0	0.0	0.0	1.0	0.0	0.0	0.0
2293035	0.0	0.0	2.0	30.0	7.0	17.0	0.0	0.0	0.0
2293044	0.0	0.0	3.0	2.0	0.0	20.0	0.0	0.0	0.0
2293046	0.0	0.0	3.0	2.0	0.0	20.0	0.0	0.0	0.0
2302955	0.0	0.0	1.0	0.0	0.0	0.0	0.0	0.0	0.0
2305240	0.0	0.0	1.0	0.0	0.0	0.0	0.0	0.0	0.0
2584646	0.0	0.0	1.0	0.0	0.0	1.0	0.0	0.0	0.0
2652276	0.0	0.0	1.0	0.0	12.0	0.0	3.0	1.0	0.0
2678899	0.0	0.0	3.0	7.0	0.0	0.0	0.0	2.0	0.0
2726452	0.0	0.0	11.0	17.0	0.0	0.0	0.0	3.0	0.0
2841525	0.0	0.0	3.0	11.0	35.0	2.0	0.0	2.0	0.0
2849169	0.0	0.0	2.0	0.0	0.0	0.0	0.0	0.0	0.0
2849171	0.0	0.0	1.0	0.0	0.0	1.0	0.0	0.0	0.0
2884903	0.0	0.0	12.0	8.0	3.0	0.0	0.0	9.0	0.0
2884904	0.0	0.0	2.0	21.0	0.0	0.0	0.0	0.0	0.0
2884907	0.0	0.0	2.0	9.0	0.0	0.0	0.0	0.0	0.0
2929488	0.0	0.0	1.0	2.0	0.0	0.0	0.0	0.0	0.0
2929495	0.0	0.0	2.0	0.0	0.0	2.0	0.0	0.0	0.0
2939491	0.0	0.0	2.0	0.0	0.0	0.0	0.0	0.0	0.0
2981784	0.0	0.0	9.0	0.0	0.0	0.0	0.0	4.0	0.0
2997294	0.0	0.0	1.0	0.0	3.0	0.0	0.0	3.0	0.0
3025759	0.0	0.0	1.0	2.0	0.0	4.0	0.0	0.0	0.0
28052	0.0	17.0	0.0	25.0	4.0	13.0	0.0	0.0	0.0
39486	0.0	21.0	0.0	28.0	12.0	29.0	0.0	0.0	0.0
39491	0.0	96.0	0.0	82.0	584.0	77.0	27.0	0.0	0.0
41978	0.0	49.0	0.0	393.0	55.0	30.0	0.0	0.0	0.0
106588	0.0	4.0	0.0	3.0	3.0	9.0	0.0	2.0	0.0
165186	0.0	200.0	0.0	282.0	70.0	42.0	6.0	0.0	0.0
166486	0.0	12.0	0.0	67.0	5.0	63.0	0.0	219.0	0.0
180164	0.0	1.0	0.0	0.0	0.0	29.0	0.0	0.0	0.0
286138	0.0	14.0	0.0	16.0	0.0	10.0	0.0	0.0	0.0
310297	0.0	2.0	0.0	107.0	0.0	1.0	0.0	0.0	0.0
310298	0.0	1.0	0.0	1.0	0.0	1.0	0.0	0.0	0.0
328814	0.0	1.0	0.0	2.0	2.0	7.0	0.0	1.0	0.0
329854	0.0	3.0	0.0	1.0	22.0	4.0	0.0	1.0	0.0
411483	0.0	2.0	0.0	0.0	4.0	3.0	0.0	0.0	0.0
512312	0.0	12.0	0.0	1.0	8.0	10.0	0.0	0.0	0.0
512318	0.0	6.0	0.0	2.0	0.0	2.0	0.0	0.0	0.0
592978	0.0	15.0	0.0	50.0	102.0	83.0	6.0	0.0	0.0
649756	0.0	8.0	0.0	159.0	152.0	123.0	7.0	0.0	0.0
1160721	0.0	11.0	0.0	22.0	2.0	121.0	0.0	0.0	0.0
1262962	0.0	74.0	0.0	1.0	0.0	3.0	0.0	0.0	0.0
1288121	0.0	1.0	0.0	0.0	0.0	1.0	0.0	0.0	0.0
1470347	0.0	1.0	0.0	0.0	0.0	1.0	0.0	0.0	0.0
1712515	0.0	11.0	0.0	0.0	0.0	7.0	0.0	11.0	0.0
1766256	0.0	2.0	0.0	5.0	17.0	2.0	2.0	0.0	0.0
1796636	0.0	9.0	0.0	3.0	0.0	17.0	0.0	0.0	0.0
1851428	0.0	4.0	0.0	1.0	0.0	1.0	0.0	0.0	0.0
1872530	0.0	2.0	0.0	4.0	0.0	5.0	0.0	0.0	0.0
1945593	0.0	3.0	0.0	1.0	0.0	2.0	0.0	0.0	0.0
1965560	0.0	2.0	0.0	0.0	0.0	2.0	0.0	0.0	0.0
2021311	0.0	20.0	0.0	7.0	114.0	42.0	3.0	0.0	0.0
2093857	0.0	2.0	0.0	0.0	0.0	2.0	0.0	0.0	0.0
2292248	0.0	2.0	0.0	0.0	0.0	7.0	0.0	0.0	0.0
2292372	0.0	1.0	0.0	0.0	0.0	1.0	0.0	0.0	0.0
2292918	0.0	1.0	0.0	2.0	0.0	4.0	0.0	0.0	0.0
2292930	0.0	3.0	0.0	2.0	0.0	1.0	0.0	0.0	0.0
2292986	0.0	2.0	0.0	0.0	2.0	2.0	0.0	0.0	0.0
2293030	0.0	1.0	0.0	9.0	2.0	2.0	0.0	0.0	0.0
2293152	0.0	1.0	0.0	0.0	0.0	1.0	0.0	0.0	0.0
2316024	0.0	3.0	0.0	0.0	18.0	5.0	0.0	0.0	0.0
2358141	0.0	5.0	0.0	2.0	0.0	2.0	0.0	0.0	0.0
2591384	0.0	10.0	0.0	16.0	11.0	15.0	4.0	5.0	0.0
2763672	0.0	75.0	0.0	2.0	0.0	3.0	0.0	0.0	0.0
2817021	0.0	5.0	0.0	0.0	0.0	12.0	0.0	0.0	0.0
2841526	0.0	20.0	0.0	13.0	18.0	4.0	0.0	0.0	0.0
2885356	0.0	56.0	0.0	15.0	41.0	28.0	3.0	0.0	0.0
2914163	0.0	2.0	0.0	0.0	0.0	2.0	0.0	0.0	0.0
2929490	0.0	1.0	0.0	0.0	1.0	2.0	0.0	2.0	0.0
2981726	0.0	1.0	0.0	1.0	0.0	2.0	0.0	0.0	0.0
2981770	0.0	40.0	0.0	33.0	14.0	6.0	4.0	0.0	0.0
3039593	0.0	4.0	0.0	4.0	4.0	1.0	0.0	0.0	0.0
3061040	0.0	4.0	0.0	2.0	4.0	2.0	0.0	2.0	0.0
729	0.0	0.0	0.0	1.0	0.0	6.0	0.0	0.0	0.0
1308	0.0	0.0	0.0	4.0	0.0	2.0	0.0	0.0	0.0
28051	0.0	0.0	0.0	5.0	5.0	2.0	0.0	0.0	0.0
83427	0.0	0.0	0.0	5.0	19.0	24.0	0.0	0.0	0.0
237779	0.0	0.0	0.0	3.0	0.0	6.0	0.0	0.0	0.0
261299	0.0	0.0	0.0	2.0	8.0	3.0	0.0	0.0	0.0
357276	0.0	0.0	0.0	91.0	0.0	3.0	0.0	0.0	0.0
360807	0.0	0.0	0.0	197.0	0.0	24.0	0.0	0.0	0.0
457393	0.0	0.0	0.0	2.0	0.0	3.0	0.0	0.0	0.0
1193534	0.0	0.0	0.0	1.0	3.0	1.0	0.0	0.0	0.0
1739517	0.0	0.0	0.0	2.0	0.0	1.0	0.0	0.0	0.0
1776391	0.0	0.0	0.0	5.0	0.0	2.0	0.0	0.0	0.0
1912894	0.0	0.0	0.0	1.0	0.0	1.0	0.0	1.0	0.0
2039243	0.0	0.0	0.0	3.0	0.0	7.0	0.0	2.0	0.0
2040332	0.0	0.0	0.0	2.0	0.0	2.0	0.0	0.0	0.0
2292206	0.0	0.0	0.0	3.0	0.0	8.0	0.0	0.0	0.0
2292244	0.0	0.0	0.0	2.0	0.0	1.0	0.0	0.0	0.0
2292913	0.0	0.0	0.0	2.0	0.0	1.0	0.0	1.0	0.0
2292915	0.0	0.0	0.0	4.0	0.0	3.0	0.0	0.0	0.0
2292936	0.0	0.0	0.0	2.0	0.0	1.0	0.0	0.0	0.0
2292946	0.0	0.0	0.0	1.0	0.0	1.0	0.0	3.0	0.0
2292953	0.0	0.0	0.0	3.0	0.0	2.0	0.0	0.0	0.0
2606633	0.0	0.0	0.0	99.0	7.0	12.0	0.0	0.0	0.0
2763042	0.0	0.0	0.0	2.0	1.0	1.0	0.0	0.0	0.0
2763051	0.0	0.0	0.0	9.0	2.0	9.0	0.0	0.0	0.0
2817019	0.0	0.0	0.0	3.0	0.0	1.0	0.0	0.0	0.0
2883231	0.0	0.0	0.0	1.0	0.0	4.0	0.0	0.0	0.0
2883232	0.0	0.0	0.0	7.0	0.0	8.0	0.0	0.0	0.0
2981768	0.0	0.0	0.0	37.0	14.0	20.0	2.0	0.0	0.0
1343	0.0	0.0	0.0	0.0	1.0	1.0	0.0	1.0	0.0
1681	0.0	0.0	0.0	0.0	61.0	38.0	6.0	0.0	0.0
40545	0.0	0.0	0.0	0.0	4.0	63.0	0.0	0.0	0.0
665942	0.0	0.0	0.0	0.0	2.0	5.0	0.0	0.0	0.0
1297617	0.0	0.0	0.0	0.0	2.0	2.0	0.0	0.0	0.0
1468449	0.0	0.0	0.0	0.0	2.0	1.0	0.0	0.0	0.0
2293096	0.0	0.0	0.0	0.0	2.0	1.0	0.0	0.0	0.0
2508949	0.0	0.0	0.0	0.0	1.0	1.0	2.0	0.0	0.0
2585118	0.0	0.0	0.0	0.0	6.0	1.0	0.0	0.0	0.0
2605776	0.0	0.0	0.0	0.0	1.0	1.0	0.0	0.0	0.0
2762571	0.0	0.0	0.0	0.0	1.0	1.0	0.0	0.0	0.0
2763661	0.0	0.0	0.0	0.0	7.0	2.0	2.0	0.0	0.0
2981721	0.0	0.0	0.0	0.0	5.0	1.0	0.0	0.0	0.0
736	0.0	0.0	0.0	0.0	0.0	1.0	0.0	0.0	0.0
1507	0.0	0.0	0.0	0.0	0.0	1.0	0.0	0.0	0.0
28025	0.0	0.0	0.0	0.0	0.0	1.0	0.0	0.0	0.0
28026	0.0	0.0	0.0	0.0	0.0	20.0	0.0	0.0	0.0
28127	0.0	0.0	0.0	0.0	0.0	1.0	0.0	0.0	0.0
33031	0.0	0.0	0.0	0.0	0.0	1.0	0.0	0.0	0.0
61171	0.0	0.0	0.0	0.0	0.0	4.0	0.0	0.0	0.0
82135	0.0	0.0	0.0	0.0	0.0	1.0	0.0	0.0	0.0
113107	0.0	0.0	0.0	0.0	0.0	2.0	0.0	0.0	0.0
270498	0.0	0.0	0.0	0.0	0.0	1.0	0.0	0.0	0.0
291644	0.0	0.0	0.0	0.0	0.0	16.0	0.0	0.0	0.0
291645	0.0	0.0	0.0	0.0	0.0	4.0	0.0	0.0	0.0
410072	0.0	0.0	0.0	0.0	0.0	37.0	0.0	0.0	0.0
457398	0.0	0.0	0.0	0.0	0.0	1.0	0.0	0.0	0.0
469590	0.0	0.0	0.0	0.0	0.0	1.0	0.0	0.0	0.0
544645	0.0	0.0	0.0	0.0	0.0	11.0	0.0	0.0	0.0
626929	0.0	0.0	0.0	0.0	0.0	1.0	0.0	0.0	0.0
626931	0.0	0.0	0.0	0.0	0.0	1.0	0.0	0.0	0.0
936576	0.0	0.0	0.0	0.0	0.0	1.0	0.0	0.0	0.0
999425	0.0	0.0	0.0	0.0	0.0	1.0	0.0	0.0	0.0
1226325	0.0	0.0	0.0	0.0	0.0	1.0	0.0	0.0	0.0
1337051	0.0	0.0	0.0	0.0	0.0	1.0	0.0	0.0	0.0
1608898	0.0	0.0	0.0	0.0	0.0	1.0	0.0	0.0	0.0
1673717	0.0	0.0	0.0	0.0	0.0	1.0	0.0	0.0	0.0
1689265	0.0	0.0	0.0	0.0	0.0	1.0	0.0	1.0	0.0
1720194	0.0	0.0	0.0	0.0	0.0	2.0	0.0	0.0	0.0
1776382	0.0	0.0	0.0	0.0	0.0	1.0	0.0	0.0	0.0
1805476	0.0	0.0	0.0	0.0	0.0	2.0	0.0	0.0	0.0
1870991	0.0	0.0	0.0	0.0	0.0	1.0	0.0	0.0	0.0
1870993	0.0	0.0	0.0	0.0	0.0	2.0	0.0	5.0	0.0
1871006	0.0	0.0	0.0	0.0	0.0	1.0	0.0	0.0	0.0
1897013	0.0	0.0	0.0	0.0	0.0	2.0	0.0	0.0	0.0
1917876	0.0	0.0	0.0	0.0	0.0	23.0	0.0	0.0	0.0
1965305	0.0	0.0	0.0	0.0	0.0	1.0	0.0	0.0	0.0
1965542	0.0	0.0	0.0	0.0	0.0	1.0	0.0	8.0	0.0
1965628	0.0	0.0	0.0	0.0	0.0	1.0	0.0	6.0	0.0
1969738	0.0	0.0	0.0	0.0	0.0	3.0	0.0	0.0	0.0
2040291	0.0	0.0	0.0	0.0	0.0	1.0	0.0	0.0	0.0
2292026	0.0	0.0	0.0	0.0	0.0	1.0	0.0	0.0	0.0
2292046	0.0	0.0	0.0	0.0	0.0	3.0	0.0	0.0	0.0
2292197	0.0	0.0	0.0	0.0	0.0	1.0	0.0	0.0	0.0
2292213	0.0	0.0	0.0	0.0	0.0	1.0	0.0	0.0	0.0
2292223	0.0	0.0	0.0	0.0	0.0	1.0	0.0	0.0	0.0
2292233	0.0	0.0	0.0	0.0	0.0	21.0	0.0	0.0	0.0
2292282	0.0	0.0	0.0	0.0	0.0	1.0	0.0	1.0	0.0
2292316	0.0	0.0	0.0	0.0	0.0	1.0	0.0	2.0	0.0
2292318	0.0	0.0	0.0	0.0	0.0	1.0	0.0	0.0	0.0
2292326	0.0	0.0	0.0	0.0	0.0	2.0	0.0	0.0	0.0
2292329	0.0	0.0	0.0	0.0	0.0	1.0	0.0	0.0	0.0
2292331	0.0	0.0	0.0	0.0	0.0	1.0	0.0	0.0	0.0
2292949	0.0	0.0	0.0	0.0	0.0	1.0	0.0	0.0	0.0
2292950	0.0	0.0	0.0	0.0	0.0	2.0	0.0	0.0	0.0
2292974	0.0	0.0	0.0	0.0	0.0	2.0	0.0	0.0	0.0
2293114	0.0	0.0	0.0	0.0	0.0	1.0	0.0	0.0	0.0
2293124	0.0	0.0	0.0	0.0	0.0	1.0	0.0	0.0	0.0
2293153	0.0	0.0	0.0	0.0	0.0	1.0	0.0	0.0	0.0
2293155	0.0	0.0	0.0	0.0	0.0	1.0	1.0	0.0	0.0
2584645	0.0	0.0	0.0	0.0	0.0	1.0	0.0	1.0	0.0
2613924	0.0	0.0	0.0	0.0	0.0	1.0	0.0	0.0	0.0
2719317	0.0	0.0	0.0	0.0	0.0	6.0	0.0	0.0	0.0
2758418	0.0	0.0	0.0	0.0	0.0	1.0	0.0	0.0	0.0
2763062	0.0	0.0	0.0	0.0	0.0	2.0	0.0	10.0	0.0
2763662	0.0	0.0	0.0	0.0	0.0	1.0	0.0	0.0	0.0
2763677	0.0	0.0	0.0	0.0	0.0	1.0	0.0	0.0	0.0
2779351	0.0	0.0	0.0	0.0	0.0	1.0	0.0	0.0	0.0
2787089	0.0	0.0	0.0	0.0	0.0	1.0	0.0	0.0	0.0
2849172	0.0	0.0	0.0	0.0	0.0	1.0	0.0	0.0	0.0
2883208	0.0	0.0	0.0	0.0	0.0	2.0	0.0	0.0	0.0
2916441	0.0	0.0	0.0	0.0	0.0	1.0	0.0	0.0	0.0
2929492	0.0	0.0	0.0	0.0	0.0	1.0	0.0	0.0	0.0
2941333	0.0	0.0	0.0	0.0	0.0	2.0	0.0	0.0	0.0
2941505	0.0	0.0	0.0	0.0	0.0	1.0	0.0	0.0	0.0
2965278	0.0	0.0	0.0	0.0	0.0	3.0	0.0	0.0	0.0
2981722	0.0	0.0	0.0	0.0	0.0	16.0	0.0	0.0	0.0
2981778	0.0	0.0	0.0	0.0	0.0	5.0	0.0	0.0	0.0
2997946	0.0	0.0	0.0	0.0	0.0	2.0	0.0	0.0	0.0
2997952	0.0	0.0	0.0	0.0	0.0	2.0	0.0	0.0	0.0
2997993	0.0	0.0	0.0	0.0	0.0	2.0	0.0	0.0	0.0
2997994	0.0	0.0	0.0	0.0	0.0	2.0	0.0	5.0	0.0
3002515	0.0	0.0	0.0	0.0	0.0	4.0	0.0	1.0	0.0
3002517	0.0	0.0	0.0	0.0	0.0	3.0	0.0	0.0	0.0
885	0.0	4.0	0.0	0.0	0.0	0.0	0.0	0.0	0.0
39488	0.0	60.0	0.0	52.0	39.0	0.0	6.0	0.0	0.0
39496	0.0	2.0	0.0	26.0	22.0	0.0	2.0	0.0	0.0
89014	0.0	4.0	0.0	1.0	0.0	0.0	0.0	0.0	0.0
93974	0.0	1.0	0.0	0.0	0.0	0.0	0.0	0.0	0.0
93975	0.0	2.0	0.0	0.0	0.0	0.0	0.0	0.0	0.0
105843	0.0	51.0	0.0	3.0	13.0	0.0	0.0	0.0	0.0
153152	0.0	6.0	0.0	5.0	19.0	0.0	2.0	0.0	0.0
154046	0.0	1.0	0.0	0.0	0.0	0.0	0.0	0.0	0.0
167968	0.0	3.0	0.0	0.0	0.0	0.0	0.0	0.0	0.0
301302	0.0	144.0	0.0	458.0	15.0	0.0	0.0	0.0	0.0
316088	0.0	2.0	0.0	0.0	0.0	0.0	0.0	0.0	0.0
457387	0.0	1.0	0.0	0.0	0.0	0.0	0.0	0.0	0.0
460384	0.0	2.0	0.0	0.0	0.0	0.0	0.0	0.0	0.0
474960	0.0	2.0	0.0	0.0	0.0	0.0	0.0	0.0	0.0
585544	0.0	1.0	0.0	0.0	0.0	0.0	0.0	0.0	0.0
626930	0.0	1.0	0.0	0.0	0.0	0.0	0.0	0.0	0.0
674529	0.0	3.0	0.0	0.0	0.0	0.0	0.0	0.0	0.0
1796613	0.0	2.0	0.0	0.0	0.0	0.0	0.0	0.0	0.0
1896967	0.0	2.0	0.0	0.0	0.0	0.0	0.0	0.0	0.0
1926283	0.0	4.0	0.0	0.0	0.0	0.0	0.0	0.0	0.0
1965540	0.0	3.0	0.0	0.0	0.0	0.0	0.0	0.0	0.0
1981510	0.0	12.0	0.0	10.0	23.0	0.0	0.0	0.0	0.0
2070686	0.0	6.0	0.0	0.0	0.0	0.0	0.0	0.0	0.0
2080749	0.0	1.0	0.0	0.0	0.0	0.0	0.0	0.0	0.0
2086273	0.0	2.0	0.0	0.0	1.0	0.0	0.0	0.0	0.0
2292014	0.0	1.0	0.0	0.0	0.0	0.0	0.0	0.0	0.0
2292216	0.0	1.0	0.0	0.0	0.0	0.0	0.0	0.0	0.0
2292294	0.0	4.0	0.0	0.0	0.0	0.0	0.0	0.0	0.0
2292299	0.0	1.0	0.0	0.0	0.0	0.0	0.0	0.0	0.0
2292304	0.0	2.0	0.0	0.0	0.0	0.0	0.0	0.0	0.0
2292311	0.0	3.0	0.0	0.0	0.0	0.0	0.0	0.0	0.0
2292330	0.0	4.0	0.0	0.0	0.0	0.0	0.0	0.0	0.0
2292926	0.0	10.0	0.0	0.0	0.0	0.0	0.0	0.0	0.0
2292932	0.0	2.0	0.0	0.0	0.0	0.0	0.0	0.0	0.0
2292933	0.0	3.0	0.0	2.0	0.0	0.0	0.0	0.0	0.0
2292934	0.0	3.0	0.0	0.0	0.0	0.0	0.0	0.0	0.0
2292955	0.0	1.0	0.0	0.0	0.0	0.0	0.0	0.0	0.0
2292973	0.0	2.0	0.0	0.0	0.0	0.0	0.0	0.0	0.0
2292993	0.0	4.0	0.0	2.0	0.0	0.0	0.0	0.0	0.0
2293042	0.0	1.0	0.0	0.0	0.0	0.0	0.0	0.0	0.0
2293098	0.0	2.0	0.0	0.0	0.0	0.0	0.0	0.0	0.0
2293144	0.0	2.0	0.0	0.0	0.0	0.0	0.0	0.0	0.0
2316025	0.0	4.0	0.0	0.0	5.0	0.0	0.0	0.0	0.0
2569100	0.0	5.0	0.0	5.0	4.0	0.0	0.0	0.0	0.0
2584647	0.0	1.0	0.0	0.0	2.0	0.0	0.0	0.0	0.0
2584648	0.0	1.0	0.0	0.0	2.0	0.0	0.0	0.0	0.0
2592638	0.0	1.0	0.0	0.0	0.0	0.0	0.0	0.0	0.0
2606635	0.0	46.0	0.0	2.0	0.0	0.0	0.0	0.0	0.0
2714355	0.0	6.0	0.0	11.0	16.0	0.0	2.0	0.0	0.0
2763020	0.0	1.0	0.0	0.0	0.0	0.0	0.0	0.0	0.0
2763028	0.0	1.0	0.0	1.0	0.0	0.0	0.0	0.0	0.0
2763040	0.0	2.0	0.0	0.0	0.0	0.0	0.0	0.0	0.0
2764712	0.0	2.0	0.0	0.0	8.0	0.0	0.0	0.0	0.0
2787081	0.0	1.0	0.0	0.0	0.0	0.0	0.0	0.0	0.0
2787127	0.0	20.0	0.0	6.0	0.0	0.0	0.0	0.0	0.0
2817020	0.0	1.0	0.0	0.0	2.0	0.0	0.0	0.0	0.0
2849174	0.0	1.0	0.0	0.0	0.0	0.0	0.0	0.0	0.0
2878202	0.0	1.0	0.0	1.0	0.0	0.0	0.0	0.0	0.0
2881266	0.0	4.0	0.0	0.0	0.0	0.0	0.0	0.0	0.0
2885264	0.0	1.0	0.0	0.0	1.0	0.0	0.0	0.0	0.0
2885352	0.0	11.0	0.0	11.0	3.0	0.0	0.0	0.0	0.0
2885361	0.0	2.0	0.0	0.0	0.0	0.0	0.0	0.0	0.0
2941327	0.0	2.0	0.0	0.0	0.0	0.0	0.0	0.0	0.0
2949649	0.0	1.0	0.0	0.0	0.0	0.0	0.0	0.0	0.0
2981773	0.0	2.0	0.0	0.0	2.0	0.0	0.0	0.0	0.0
2981774	0.0	3.0	0.0	0.0	0.0	0.0	0.0	0.0	0.0
3002516	0.0	2.0	0.0	0.0	0.0	0.0	0.0	1.0	0.0
3028070	0.0	2.0	0.0	0.0	0.0	0.0	0.0	0.0	0.0
3031725	0.0	1.0	0.0	3.0	0.0	0.0	0.0	0.0	0.0
1309	0.0	0.0	0.0	3.0	0.0	0.0	0.0	0.0	0.0
1680	0.0	0.0	0.0	113.0	42.0	0.0	8.0	0.0	0.0
1686	0.0	0.0	0.0	1.0	0.0	0.0	0.0	0.0	0.0
116085	0.0	0.0	0.0	11.0	53.0	0.0	2.0	0.0	0.0
290055	0.0	0.0	0.0	39.0	11.0	0.0	0.0	0.0	0.0
387090	0.0	0.0	0.0	1.0	0.0	0.0	0.0	0.0	0.0
487174	0.0	0.0	0.0	15.0	0.0	0.0	0.0	0.0	0.0
512314	0.0	0.0	0.0	1.0	0.0	0.0	0.0	0.0	0.0
657323	0.0	0.0	0.0	1.0	0.0	0.0	0.0	0.0	0.0
1712675	0.0	0.0	0.0	2.0	0.0	0.0	0.0	0.0	0.0
1715211	0.0	0.0	0.0	2.0	0.0	0.0	0.0	0.0	0.0
1737424	0.0	0.0	0.0	50.0	3.0	0.0	0.0	0.0	0.0
1796652	0.0	0.0	0.0	2.0	0.0	0.0	0.0	0.0	0.0
1871035	0.0	0.0	0.0	2.0	6.0	0.0	3.0	0.0	0.0
1912896	0.0	0.0	0.0	1.0	0.0	0.0	0.0	3.0	0.0
1918613	0.0	0.0	0.0	1.0	0.0	0.0	0.0	0.0	0.0
1929485	0.0	0.0	0.0	2.0	0.0	0.0	0.0	0.0	0.0
1982628	0.0	0.0	0.0	8.0	0.0	0.0	0.0	0.0	0.0
2025876	0.0	0.0	0.0	2.0	0.0	0.0	0.0	0.0	0.0
2049040	0.0	0.0	0.0	1.0	0.0	0.0	0.0	0.0	0.0
2292041	0.0	0.0	0.0	1.0	6.0	0.0	0.0	0.0	0.0
2292931	0.0	0.0	0.0	1.0	0.0	0.0	0.0	0.0	0.0
2292976	0.0	0.0	0.0	2.0	0.0	0.0	2.0	0.0	0.0
2292980	0.0	0.0	0.0	5.0	0.0	0.0	0.0	0.0	0.0
2292989	0.0	0.0	0.0	3.0	0.0	0.0	0.0	0.0	0.0
2293013	0.0	0.0	0.0	1.0	0.0	0.0	0.0	0.0	0.0
2293015	0.0	0.0	0.0	36.0	31.0	0.0	0.0	0.0	0.0
2293016	0.0	0.0	0.0	31.0	18.0	0.0	0.0	0.0	0.0
2293029	0.0	0.0	0.0	4.0	0.0	0.0	0.0	0.0	0.0
2293053	0.0	0.0	0.0	1.0	0.0	0.0	0.0	0.0	0.0
2293054	0.0	0.0	0.0	5.0	0.0	0.0	0.0	0.0	0.0
2293127	0.0	0.0	0.0	10.0	0.0	0.0	0.0	0.0	0.0
2293130	0.0	0.0	0.0	4.0	0.0	0.0	0.0	0.0	0.0
2293132	0.0	0.0	0.0	2.0	0.0	0.0	0.0	0.0	0.0
2293134	0.0	0.0	0.0	4.0	0.0	0.0	0.0	0.0	0.0
2293135	0.0	0.0	0.0	3.0	0.0	0.0	0.0	0.0	0.0
2293154	0.0	0.0	0.0	2.0	0.0	0.0	0.0	0.0	0.0
2293160	0.0	0.0	0.0	2.0	0.0	0.0	0.0	0.0	0.0
2293216	0.0	0.0	0.0	1.0	0.0	0.0	0.0	0.0	0.0
2302956	0.0	0.0	0.0	1.0	1.0	0.0	0.0	0.0	0.0
2592649	0.0	0.0	0.0	23.0	2.0	0.0	0.0	0.0	0.0
2714353	0.0	0.0	0.0	4.0	5.0	0.0	1.0	0.0	0.0
2735723	0.0	0.0	0.0	3.0	6.0	0.0	0.0	0.0	0.0
2763025	0.0	0.0	0.0	1.0	0.0	0.0	0.0	0.0	0.0
2763064	0.0	0.0	0.0	2.0	0.0	0.0	0.0	0.0	0.0
2763066	0.0	0.0	0.0	5.0	0.0	0.0	0.0	0.0	0.0
2763644	0.0	0.0	0.0	2.0	1.0	0.0	0.0	0.0	0.0
2787114	0.0	0.0	0.0	2.0	0.0	0.0	0.0	0.0	0.0
2831966	0.0	0.0	0.0	7.0	0.0	0.0	0.0	0.0	0.0
2881261	0.0	0.0	0.0	52.0	10.0	0.0	0.0	0.0	0.0
2881264	0.0	0.0	0.0	3.0	0.0	0.0	0.0	0.0	0.0
2883185	0.0	0.0	0.0	1.0	0.0	0.0	0.0	0.0	0.0
2883234	0.0	0.0	0.0	1.0	0.0	0.0	0.0	0.0	0.0
2885351	0.0	0.0	0.0	2.0	0.0	0.0	0.0	0.0	0.0
2931882	0.0	0.0	0.0	1.0	0.0	0.0	0.0	0.0	0.0
2949744	0.0	0.0	0.0	1.0	0.0	0.0	0.0	0.0	0.0
2965279	0.0	0.0	0.0	2.0	0.0	0.0	0.0	0.0	0.0
2981788	0.0	0.0	0.0	2.0	0.0	0.0	0.0	0.0	0.0
2981794	0.0	0.0	0.0	33.0	17.0	0.0	0.0	0.0	0.0
3046322	0.0	0.0	0.0	1.0	0.0	0.0	0.0	0.0	0.0
3046382	0.0	0.0	0.0	6.0	0.0	0.0	0.0	0.0	0.0
3046383	0.0	0.0	0.0	4.0	8.0	0.0	0.0	0.0	0.0
1685	0.0	0.0	0.0	0.0	1.0	0.0	0.0	1.0	0.0
1796635	0.0	0.0	0.0	0.0	8.0	0.0	0.0	3.0	0.0
2591382	0.0	0.0	0.0	0.0	3.0	0.0	0.0	6.0	0.0
33035	0.0	0.0	0.0	0.0	0.0	0.0	0.0	2.0	0.0
585543	0.0	0.0	0.0	0.0	0.0	0.0	0.0	1.0	0.0
1763549	0.0	0.0	0.0	0.0	0.0	0.0	0.0	1.0	0.0
2018038	0.0	0.0	0.0	0.0	0.0	0.0	0.0	1.0	0.0
2025494	0.0	0.0	0.0	0.0	0.0	0.0	0.0	2.0	0.0
2068655	0.0	0.0	0.0	0.0	0.0	0.0	0.0	5.0	0.0
2108523	0.0	0.0	0.0	0.0	0.0	0.0	0.0	2.0	0.0
2292021	0.0	0.0	0.0	0.0	0.0	0.0	0.0	1.0	0.0
2292193	0.0	0.0	0.0	0.0	0.0	0.0	0.0	1.0	0.0
2292280	0.0	0.0	0.0	0.0	0.0	0.0	0.0	1.0	0.0
2292324	0.0	0.0	0.0	0.0	0.0	0.0	0.0	1.0	0.0
2302925	0.0	0.0	0.0	0.0	0.0	0.0	0.0	3.0	0.0
2302926	0.0	0.0	0.0	0.0	0.0	0.0	0.0	1.0	0.0
2305243	0.0	0.0	0.0	0.0	0.0	0.0	0.0	3.0	0.0
2763018	0.0	0.0	0.0	0.0	0.0	0.0	0.0	1.0	0.0
2972764	0.0	0.0	0.0	0.0	0.0	0.0	0.0	1.0	0.0
1358	0.0	0.0	0.0	0.0	11.0	0.0	0.0	0.0	0.0
1359	0.0	0.0	0.0	0.0	3.0	0.0	0.0	0.0	0.0
1683	0.0	0.0	0.0	0.0	44.0	0.0	4.0	0.0	0.0
33033	0.0	0.0	0.0	0.0	1.0	0.0	0.0	0.0	0.0
33043	0.0	0.0	0.0	0.0	213.0	0.0	4.0	0.0	0.0
36834	0.0	0.0	0.0	0.0	3.0	0.0	0.0	0.0	0.0
39482	0.0	0.0	0.0	0.0	2.0	0.0	0.0	0.0	0.0
154288	0.0	0.0	0.0	0.0	7.0	0.0	0.0	0.0	0.0
172901	0.0	0.0	0.0	0.0	2.0	0.0	0.0	0.0	0.0
253161	0.0	0.0	0.0	0.0	2.0	0.0	0.0	0.0	0.0
278064	0.0	0.0	0.0	0.0	3.0	0.0	0.0	0.0	0.0
328813	0.0	0.0	0.0	0.0	4.0	0.0	0.0	0.0	0.0
351091	0.0	0.0	0.0	0.0	2.0	0.0	0.0	0.0	0.0
626947	0.0	0.0	0.0	0.0	5.0	0.0	0.0	0.0	0.0
673271	0.0	0.0	0.0	0.0	1.0	0.0	0.0	0.0	0.0
751585	0.0	0.0	0.0	0.0	13.0	0.0	0.0	0.0	0.0
1099853	0.0	0.0	0.0	0.0	3.0	0.0	0.0	0.0	0.0
1115758	0.0	0.0	0.0	0.0	1.0	0.0	0.0	0.0	0.0
1221379	0.0	0.0	0.0	0.0	1.0	0.0	0.0	0.0	0.0
1261634	0.0	0.0	0.0	0.0	1.0	0.0	0.0	0.0	0.0
1262881	0.0	0.0	0.0	0.0	2.0	0.0	0.0	0.0	0.0
1262950	0.0	0.0	0.0	0.0	1.0	0.0	0.0	0.0	0.0
1263547	0.0	0.0	0.0	0.0	1.0	0.0	0.0	0.0	0.0
1414720	0.0	0.0	0.0	0.0	10.0	0.0	0.0	0.0	0.0
1505654	0.0	0.0	0.0	0.0	35.0	0.0	2.0	0.0	0.0
1505659	0.0	0.0	0.0	0.0	27.0	0.0	3.0	0.0	0.0
1519439	0.0	0.0	0.0	0.0	63.0	0.0	3.0	0.0	0.0
1577792	0.0	0.0	0.0	0.0	15.0	0.0	0.0	0.0	0.0
1637497	0.0	0.0	0.0	0.0	13.0	0.0	0.0	0.0	0.0
1650663	0.0	0.0	0.0	0.0	1.0	0.0	0.0	0.0	0.0
1673721	0.0	0.0	0.0	0.0	2.0	0.0	0.0	0.0	0.0
1689270	0.0	0.0	0.0	0.0	1.0	0.0	0.0	0.0	0.0
1715176	0.0	0.0	0.0	0.0	1.0	0.0	0.0	0.0	0.0
1768767	0.0	0.0	0.0	0.0	1.0	0.0	0.0	0.0	0.0
1852384	0.0	0.0	0.0	0.0	1.0	0.0	0.0	0.0	0.0
1871018	0.0	0.0	0.0	0.0	1.0	0.0	0.0	0.0	0.0
1871020	0.0	0.0	0.0	0.0	2.0	0.0	0.0	0.0	0.0
1905347	0.0	0.0	0.0	0.0	1.0	0.0	0.0	0.0	0.0
1945634	0.0	0.0	0.0	0.0	1.0	0.0	0.0	0.0	0.0
1969173	0.0	0.0	0.0	0.0	1.0	0.0	0.0	0.0	0.0
1971762	0.0	0.0	0.0	0.0	105.0	0.0	5.0	0.0	0.0
2023260	0.0	0.0	0.0	0.0	3.0	0.0	0.0	0.0	0.0
2086583	0.0	0.0	0.0	0.0	19.0	0.0	2.0	0.0	0.0
2086584	0.0	0.0	0.0	0.0	7.0	0.0	0.0	0.0	0.0
2292346	0.0	0.0	0.0	0.0	3.0	0.0	0.0	0.0	0.0
2293097	0.0	0.0	0.0	0.0	4.0	0.0	0.0	0.0	0.0
2293103	0.0	0.0	0.0	0.0	5.0	0.0	0.0	0.0	0.0
2293129	0.0	0.0	0.0	0.0	2.0	0.0	0.0	0.0	0.0
2293131	0.0	0.0	0.0	0.0	4.0	0.0	0.0	0.0	0.0
2293136	0.0	0.0	0.0	0.0	3.0	0.0	0.0	0.0	0.0
2293141	0.0	0.0	0.0	0.0	1.0	0.0	0.0	0.0	0.0
2293142	0.0	0.0	0.0	0.0	1.0	0.0	0.0	0.0	0.0
2293143	0.0	0.0	0.0	0.0	1.0	0.0	0.0	0.0	0.0
2293148	0.0	0.0	0.0	0.0	12.0	0.0	0.0	0.0	0.0
2293150	0.0	0.0	0.0	0.0	7.0	0.0	0.0	0.0	0.0
2293180	0.0	0.0	0.0	0.0	1.0	0.0	0.0	0.0	0.0
2293181	0.0	0.0	0.0	0.0	3.0	0.0	0.0	0.0	0.0
2293190	0.0	0.0	0.0	0.0	2.0	0.0	0.0	0.0	0.0
2293195	0.0	0.0	0.0	0.0	2.0	0.0	0.0	0.0	0.0
2293203	0.0	0.0	0.0	0.0	6.0	0.0	0.0	0.0	0.0
2293206	0.0	0.0	0.0	0.0	1.0	0.0	0.0	0.0	0.0
2293209	0.0	0.0	0.0	0.0	2.0	0.0	0.0	0.0	0.0
2304576	0.0	0.0	0.0	0.0	1.0	0.0	0.0	0.0	0.0
2582419	0.0	0.0	0.0	0.0	3.0	0.0	0.0	0.0	0.0
2584635	0.0	0.0	0.0	0.0	14.0	0.0	0.0	0.0	0.0
2606638	0.0	0.0	0.0	0.0	4.0	0.0	0.0	0.0	0.0
2707299	0.0	0.0	0.0	0.0	3.0	0.0	0.0	0.0	0.0
2763027	0.0	0.0	0.0	0.0	2.0	0.0	0.0	0.0	0.0
2763048	0.0	0.0	0.0	0.0	2.0	0.0	0.0	0.0	0.0
2763056	0.0	0.0	0.0	0.0	2.0	0.0	0.0	0.0	0.0
2763656	0.0	0.0	0.0	0.0	2.0	0.0	0.0	0.0	0.0
2763673	0.0	0.0	0.0	0.0	2.0	0.0	0.0	0.0	0.0
2764327	0.0	0.0	0.0	0.0	19.0	0.0	0.0	0.0	0.0
2764597	0.0	0.0	0.0	0.0	3.0	0.0	0.0	0.0	0.0
2773933	0.0	0.0	0.0	0.0	4.0	0.0	0.0	0.0	0.0
2787099	0.0	0.0	0.0	0.0	1.0	0.0	0.0	0.0	0.0
2787115	0.0	0.0	0.0	0.0	1.0	0.0	0.0	0.0	0.0
2787121	0.0	0.0	0.0	0.0	1.0	0.0	0.0	0.0	0.0
2806443	0.0	0.0	0.0	0.0	1.0	0.0	0.0	0.0	0.0
2841532	0.0	0.0	0.0	0.0	1.0	0.0	0.0	0.0	0.0
2849167	0.0	0.0	0.0	0.0	1.0	0.0	0.0	0.0	0.0
2860051	0.0	0.0	0.0	0.0	3.0	0.0	0.0	0.0	0.0
2866597	0.0	0.0	0.0	0.0	2.0	0.0	0.0	0.0	0.0
2885263	0.0	0.0	0.0	0.0	16.0	0.0	3.0	0.0	0.0
2914164	0.0	0.0	0.0	0.0	1.0	0.0	0.0	0.0	0.0
2929491	0.0	0.0	0.0	0.0	1.0	0.0	0.0	0.0	0.0
2949662	0.0	0.0	0.0	0.0	3.0	0.0	1.0	0.0	0.0
2951140	0.0	0.0	0.0	0.0	9.0	0.0	0.0	0.0	0.0
2981728	0.0	0.0	0.0	0.0	8.0	0.0	0.0	0.0	0.0
2981779	0.0	0.0	0.0	0.0	11.0	0.0	0.0	0.0	0.0
2981781	0.0	0.0	0.0	0.0	4.0	0.0	0.0	0.0	0.0
2981787	0.0	0.0	0.0	0.0	1.0	0.0	0.0	0.0	0.0
2986996	0.0	0.0	0.0	0.0	4.0	0.0	0.0	0.0	0.0
3030017	0.0	0.0	0.0	0.0	1.0	0.0	0.0	0.0	0.0
3053763	0.0	0.0	0.0	0.0	1.0	0.0	0.0	0.0	0.0
